project_id,媒体,発信アカウント,投稿IDまたは投稿URL,公開日時,活動の種類,内容の要約,形式,使用言語,訴求している価値,読者に求める行動,誘導先URL,UTMなど追跡情報の有無,状態,取得反応数値,数値の取得日時,根拠
oathra,GitHub,FORIFOR,https://github.com/FORIFOR/oathra/releases/tag/v0.1.15,2026-09-14 21:40:15 JST,リリース告知,時間圧力停止・live context・発話ID付き決定メモ,Release本文,日英,同意付きintakeの安全な停止,Release assetを取得,https://github.com/FORIFOR/oathra/releases/tag/v0.1.15,なし,公開済み,tarball 3 / checksum 2（外部利用とは断定不可）,2026-09-14 23:52 JST,GitHub Release API
oathra,GitHub,FORIFOR,https://github.com/FORIFOR/oathra/discussions/14,2026-09-14 21:43:46 JST（更新）,技術フィードバック,完了の証拠・失敗パターン・追加項目を募集,Discussion,英語,既存carrier/modelに判定を追加,redacted/synthetic traceで回答,https://github.com/FORIFOR/oathra/releases/tag/v0.1.15,なし,公開済み,3コメント・外部返信0,2026-09-14 23:52 JST,GitHub GraphQL/UI
oathra,GitHub,FORIFOR,https://github.com/caramaschiHG/awesome-ai-agents-2026/pull/570,2026-09-12〜09-14（更新）,外部配布PR,Oathra v0.1.15と直接導入コマンドを一覧候補へ追加,PR,英語,関連開発者への発見,maintainerレビュー・merge,https://github.com/FORIFOR/oathra,なし,公開済み・未マージ,OPEN・コメント0,2026-09-14 23:58 JST,GitHub PR API
oathra,GitHub,FORIFOR,https://github.com/Jenqyang/Awesome-AI-Agents/pull/486,2026-09-12〜09-14（更新）,外部配布PR,Tools欄へ追加・no-API-key demoを記載,PR,英語,AI agent開発者への発見,maintainerレビュー・merge,https://github.com/FORIFOR/oathra,なし,公開済み・未マージ,OPEN・コメント0,2026-09-14 23:58 JST,GitHub PR API
oathra,GitHub,FORIFOR,https://github.com/yzfly/awesome-voice-agents/pull/42,2026-09-11〜09-14（更新）,外部配布PR,Specialized Solutionsへ追加・verified outcomeを説明,PR,英語,音声agent開発者への発見,maintainerレビュー・merge,https://github.com/FORIFOR/oathra,なし,公開済み・未マージ,OPEN・コメント0,2026-09-14 23:58 JST,GitHub PR API
oathra,GitHub,FORIFOR,https://github.com/e2b-dev/awesome-ai-sdks/pull/364,2026-09-11〜09-14（更新）,外部配布PR,SDK一覧へ追加,PR,英語,SDK利用者への発見,CLA対応とPRレビュー,https://github.com/FORIFOR/oathra,なし,公開済み・未マージ,OPEN・bot 3 + maintainer 1コメント,2026-09-14 23:58 JST,GitHub PR API
oathra,X,@forifori_dev,https://x.com/forifori_dev/status/2098671529647366272,2026-09-12 16:14:18 JST,ローンチ告知,npm公開・APIキー不要のブラウザAI通話,動画/文章,日本語,すぐ遊べるOSS,npx oathra demoを試す,https://github.com/FORIFOR/oathra,なし,公開済み,views 2・likes/replies/reposts 0,2026-09-14 23:58 JST,公開X HTML
oathra,X,@forifori_dev,https://x.com/forifori_dev/status/2098671635201220831,2026-09-12 16:14:43 JST,ローンチ告知,npm公開・no-API-key browser call,動画/文章,英語,Playable demo,npx oathra demoを試す,https://github.com/FORIFOR/oathra,なし,公開済み,views 2・likes/replies/reposts 0,2026-09-14 23:58 JST,公開X HTML
oathra,X,@forifori_dev,https://x.com/forifori_dev/status/2099164321620340968,2026-09-14 00:52:29 JST,既存投稿への返信,修正版v0.1.1のRelease導線,文章/リンク,日本語,既存利用者を現行導入へ戻す,修正版コマンドを実行,https://github.com/FORIFOR/oathra/releases/tag/v0.1.15,なし,公開済み,views 1・likes/replies/reposts 0,2026-09-14 23:58 JST,公開X HTML
oathra,X,@forifori_dev,https://x.com/forifori_dev/status/2099164351789965643,2026-09-14 00:52:36 JST,既存投稿への返信,npm版との差とRelease導入方法,文章/リンク,英語,現行Releaseへ誘導,修正版コマンドを実行,https://github.com/FORIFOR/oathra/releases/tag/v0.1.15,なし,公開済み,views 3・likes/replies/reposts 0,2026-09-14 23:58 JST,公開X HTML
oathra,X,@forifori_dev,https://x.com/forifori_dev/status/2099160731409379808,未取得（2026-09-14公開記録）,動画告知,v0.1.1日本語30秒デモ,動画,日本語,誤完了防止を可視化,動画視聴・Release確認,https://github.com/FORIFOR/oathra/releases/tag/v0.1.1,なし,資料記載・現在URL取得不可,反応未取得（ページunavailable）,2026-09-14 23:58 JST,/Users/horioshuuhei/Projects/RingZero/docs/launch/2026-09-14.md
oathra,X,@forifori_dev,https://x.com/forifori_dev/status/2099160745091166481,未取得（2026-09-14公開記録）,動画告知,v0.1.1英語30秒デモ,動画,英語,Evidence checker操作を可視化,動画視聴・Release確認,https://github.com/FORIFOR/oathra/releases/tag/v0.1.1,なし,資料記載・現在URL取得不可,反応未取得（ページunavailable）,2026-09-14 23:58 JST,/Users/horioshuuhei/Projects/RingZero/docs/launch/2026-09-14.md
oathra,Zenn,@forifori,https://zenn.dev/forifori/articles/oathra-launch,2026-09-12 23:41:41 JST,ローンチ記事,予約完了を相手の発言で検証する理由とOSS,記事,日本語,AIの自己申告を完了証拠にしない,記事を読む→GitHub/デモ,https://github.com/FORIFOR/oathra,なし,公開済み,likes 1・comments 0・views未取得,2026-09-14 23:58 JST,Zenn公開HTML
oathra,Zenn,@forifori,https://zenn.dev/forifori/articles/oathra-evidence-rules,2026-09-14 00:38:04 JST,技術記事,たぶん大丈夫を予約成立にしない実装,記事,日本語,決定論的EvidenceEngine,repo/checkerを試す,https://forifor.github.io/oathra/check.html,なし,公開済み,likes 0・comments 0・views未取得,2026-09-14 23:58 JST,Zenn公開HTML
oathra,DEV,@forifor,https://dev.to/forifor/i-let-an-ai-make-phone-calls-then-took-the-word-booked-away-from-it-5484,2026-09-13 00:39:30 JST,ローンチ記事,実電話の誤完了から証拠設計へ,記事,英語,実例と設計の接続,repo/demoを試す,https://github.com/FORIFOR/oathra,なし,公開済み,reactions 0・comments 0・views未取得,2026-09-14 23:58 JST,DEV public API
oathra,DEV,@forifor,https://dev.to/forifor/four-regexes-and-a-staleness-rule-how-my-phone-agent-refuses-to-call-probably-fine-a-booking-3ech,2026-09-14 00:38:00 JST,技術記事,4つの正規表現とstalenessで曖昧予約を拒否,記事,英語,再現可能な判定規則,repo/SDKを試す,https://github.com/FORIFOR/oathra,なし,公開済み,reactions 0・comments 1・views未取得,2026-09-14 23:58 JST,DEV public API
oathra,TikTok,@foriforapps,投稿URL/ID未取得,2026-09-13 20:10 JST,縦型動画,取れていない予約を取れたと言う問題を59秒で提示,動画,日本語,失敗例を短時間で理解,プロフィール/サイト確認,未取得,なし,公開済み（Studio読み戻し）,views 0・likes 0・comments 0,2026-09-14 16:10 JST,/Users/horioshuuhei/Projects/RingZero/docs/launch/posts.md
oathra,Reddit,Important-Rip-1205,https://www.reddit.com/r/voiceagents/comments/1wfgy3u/i_separated_reservation_evidence_from_the_voice/,2026-09-14 約04:19 JST,コミュニティ投稿,transcript checkerと制限を説明,文章/リンク,英語,技術的な学び付きデモ,postを読む/試す,https://github.com/FORIFOR/oathra,なし,公開失敗（自動フィルター削除）,外部反応未確認,2026-09-14 23:58 JST,/Users/horioshuuhei/Projects/RingZero/docs/launch/posts.md
oathra,GitHub,FORIFOR,https://github.com/FORIFOR/oathra/issues,2026-09-12〜,Issue運用,bug修正とpharmacy/Telnyx/ElevenLabs協力依頼,Issue,日英,開発参加と改善余地,Issue/PRで報告・参加,https://github.com/FORIFOR/oathra,なし,公開済み,open 3・外部Issue 0,2026-09-14 23:52 JST,GitHub issues API
oathra,X,@forifori_dev,/Users/horioshuuhei/Projects/RingZero/docs/launch/x-transcript-check.txt,未公開,投稿下書き,同意1回・1問/turn・拒否等で停止するv0.1.15,文章+動画予定,英語,intake実演,Xで発信後repoへ誘導,https://github.com/FORIFOR/oathra,なし,下書き,反応なし（公開前）,2026-09-14 23:52 JST,/Users/horioshuuhei/Projects/RingZero/docs/launch/x-transcript-check.txt
